<?xml version="1.0" encoding="UTF-8" standalone="no"?>
<LogisimGoesFPGABoardMapInformation>
<GlobalMapInformation BoardName="ALTERA-DE2" ToplevelCircuitName="main"/>
<MAPPEDCOMPONENT_1 Height="3" Key="PIN: /GPIO_A1" LocationX="556" LocationY="97" Width="3"/>
<MAPPEDCOMPONENT_2 Height="3" Key="PIN: /GPIO_A10" LocationX="562" LocationY="122" Width="3"/>
<MAPPEDCOMPONENT_3 Height="3" Key="PIN: /GPIO_A11" LocationX="556" LocationY="135" Width="3"/>
<MAPPEDCOMPONENT_4 Height="3" Key="PIN: /GPIO_A12" LocationX="562" LocationY="135" Width="3"/>
<MAPPEDCOMPONENT_5 Height="3" Key="PIN: /GPIO_A13" LocationX="556" LocationY="141" Width="3"/>
<MAPPEDCOMPONENT_6 Height="3" Key="PIN: /GPIO_A14" LocationX="562" LocationY="141" Width="3"/>
<MAPPEDCOMPONENT_7 Height="3" Key="PIN: /GPIO_A15" LocationX="557" LocationY="148" Width="3"/>
<MAPPEDCOMPONENT_8 Height="3" Key="PIN: /GPIO_A16" LocationX="563" LocationY="148" Width="3"/>
<MAPPEDCOMPONENT_9 Height="3" Key="PIN: /GPIO_A17" LocationX="557" LocationY="154" Width="3"/>
<MAPPEDCOMPONENT_a Height="3" Key="PIN: /GPIO_A18" LocationX="563" LocationY="154" Width="3"/>
<MAPPEDCOMPONENT_b Height="3" Key="PIN: /GPIO_A19" LocationX="557" LocationY="161" Width="3"/>
<MAPPEDCOMPONENT_c Height="3" Key="PIN: /GPIO_A2" LocationX="562" LocationY="97" Width="3"/>
<MAPPEDCOMPONENT_d Height="3" Key="PIN: /GPIO_A20" LocationX="563" LocationY="161" Width="3"/>
<MAPPEDCOMPONENT_e Height="3" Key="PIN: /GPIO_A21" LocationX="557" LocationY="167" Width="3"/>
<MAPPEDCOMPONENT_f Height="3" Key="PIN: /GPIO_A22" LocationX="563" LocationY="167" Width="3"/>
<MAPPEDCOMPONENT_10 Height="3" Key="PIN: /GPIO_A23" LocationX="557" LocationY="173" Width="3"/>
<MAPPEDCOMPONENT_11 Height="3" Key="PIN: /GPIO_A24" LocationX="563" LocationY="173" Width="3"/>
<MAPPEDCOMPONENT_12 Height="3" Key="PIN: /GPIO_A25" LocationX="557" LocationY="180" Width="3"/>
<MAPPEDCOMPONENT_13 Height="3" Key="PIN: /GPIO_A26" LocationX="563" LocationY="180" Width="3"/>
<MAPPEDCOMPONENT_14 Height="3" Key="PIN: /GPIO_A27" LocationX="557" LocationY="193" Width="3"/>
<MAPPEDCOMPONENT_15 Height="3" Key="PIN: /GPIO_A28" LocationX="563" LocationY="193" Width="3"/>
<MAPPEDCOMPONENT_16 Height="3" Key="PIN: /GPIO_A29" LocationX="557" LocationY="199" Width="3"/>
<MAPPEDCOMPONENT_17 Height="3" Key="PIN: /GPIO_A3" LocationX="556" LocationY="103" Width="3"/>
<MAPPEDCOMPONENT_18 Height="3" Key="PIN: /GPIO_A30" LocationX="563" LocationY="199" Width="3"/>
<MAPPEDCOMPONENT_19 Height="3" Key="PIN: /GPIO_A31" LocationX="557" LocationY="205" Width="3"/>
<MAPPEDCOMPONENT_1a Height="3" Key="PIN: /GPIO_A32" LocationX="563" LocationY="205" Width="3"/>
<MAPPEDCOMPONENT_1b Height="3" Key="PIN: /GPIO_A33" LocationX="557" LocationY="211" Width="3"/>
<MAPPEDCOMPONENT_1c Height="3" Key="PIN: /GPIO_A34" LocationX="563" LocationY="211" Width="3"/>
<MAPPEDCOMPONENT_1d Height="3" Key="PIN: /GPIO_A35" LocationX="558" LocationY="218" Width="3"/>
<MAPPEDCOMPONENT_1e Height="3" Key="PIN: /GPIO_A36" LocationX="563" LocationY="218" Width="3"/>
<MAPPEDCOMPONENT_1f Height="3" Key="PIN: /GPIO_A4" LocationX="562" LocationY="103" Width="3"/>
<MAPPEDCOMPONENT_20 Height="3" Key="PIN: /GPIO_A5" LocationX="556" LocationY="109" Width="3"/>
<MAPPEDCOMPONENT_21 Height="3" Key="PIN: /GPIO_A6" LocationX="562" LocationY="109" Width="3"/>
<MAPPEDCOMPONENT_22 Height="3" Key="PIN: /GPIO_A7" LocationX="556" LocationY="116" Width="3"/>
<MAPPEDCOMPONENT_23 Height="3" Key="PIN: /GPIO_A8" LocationX="562" LocationY="116" Width="3"/>
<MAPPEDCOMPONENT_24 Height="3" Key="PIN: /GPIO_A9" LocationX="556" LocationY="122" Width="3"/>
<MAPPEDCOMPONENT_25 Height="3" Key="PIN: /GPIO_B1" LocationX="607" LocationY="97" Width="3"/>
<MAPPEDCOMPONENT_26 Height="3" Key="PIN: /GPIO_B10" LocationX="613" LocationY="122" Width="3"/>
<MAPPEDCOMPONENT_27 Height="3" Key="PIN: /GPIO_B11" LocationX="607" LocationY="135" Width="3"/>
<MAPPEDCOMPONENT_28 Height="3" Key="PIN: /GPIO_B12" LocationX="613" LocationY="135" Width="3"/>
<MAPPEDCOMPONENT_29 Height="3" Key="PIN: /GPIO_B13" LocationX="607" LocationY="141" Width="3"/>
<MAPPEDCOMPONENT_2a Height="3" Key="PIN: /GPIO_B14" LocationX="613" LocationY="141" Width="3"/>
<MAPPEDCOMPONENT_2b Height="3" Key="PIN: /GPIO_B15" LocationX="608" LocationY="148" Width="3"/>
<MAPPEDCOMPONENT_2c Height="3" Key="PIN: /GPIO_B16" LocationX="614" LocationY="148" Width="3"/>
<MAPPEDCOMPONENT_2d Height="3" Key="PIN: /GPIO_B17" LocationX="608" LocationY="154" Width="3"/>
<MAPPEDCOMPONENT_2e Height="3" Key="PIN: /GPIO_B18" LocationX="614" LocationY="154" Width="3"/>
<MAPPEDCOMPONENT_2f Height="3" Key="PIN: /GPIO_B19" LocationX="608" LocationY="161" Width="3"/>
<MAPPEDCOMPONENT_30 Height="3" Key="PIN: /GPIO_B2" LocationX="613" LocationY="97" Width="3"/>
<MAPPEDCOMPONENT_31 Height="3" Key="PIN: /GPIO_B20" LocationX="614" LocationY="161" Width="3"/>
<MAPPEDCOMPONENT_32 Height="3" Key="PIN: /GPIO_B21" LocationX="608" LocationY="167" Width="3"/>
<MAPPEDCOMPONENT_33 Height="3" Key="PIN: /GPIO_B22" LocationX="614" LocationY="167" Width="3"/>
<MAPPEDCOMPONENT_34 Height="3" Key="PIN: /GPIO_B23" LocationX="608" LocationY="173" Width="3"/>
<MAPPEDCOMPONENT_35 Height="3" Key="PIN: /GPIO_B24" LocationX="614" LocationY="173" Width="3"/>
<MAPPEDCOMPONENT_36 Height="3" Key="PIN: /GPIO_B25" LocationX="608" LocationY="180" Width="3"/>
<MAPPEDCOMPONENT_37 Height="3" Key="PIN: /GPIO_B26" LocationX="614" LocationY="180" Width="3"/>
<MAPPEDCOMPONENT_38 Height="3" Key="PIN: /GPIO_B27" LocationX="608" LocationY="193" Width="3"/>
<MAPPEDCOMPONENT_39 Height="3" Key="PIN: /GPIO_B28" LocationX="614" LocationY="193" Width="3"/>
<MAPPEDCOMPONENT_3a Height="3" Key="PIN: /GPIO_B29" LocationX="608" LocationY="199" Width="3"/>
<MAPPEDCOMPONENT_3b Height="3" Key="PIN: /GPIO_B3" LocationX="607" LocationY="103" Width="3"/>
<MAPPEDCOMPONENT_3c Height="3" Key="PIN: /GPIO_B30" LocationX="614" LocationY="199" Width="3"/>
<MAPPEDCOMPONENT_3d Height="3" Key="PIN: /GPIO_B31" LocationX="608" LocationY="205" Width="3"/>
<MAPPEDCOMPONENT_3e Height="3" Key="PIN: /GPIO_B32" LocationX="614" LocationY="205" Width="3"/>
<MAPPEDCOMPONENT_3f Height="3" Key="PIN: /GPIO_B33" LocationX="608" LocationY="211" Width="3"/>
<MAPPEDCOMPONENT_40 Height="3" Key="PIN: /GPIO_B34" LocationX="614" LocationY="211" Width="3"/>
<MAPPEDCOMPONENT_41 Height="3" Key="PIN: /GPIO_B35" LocationX="609" LocationY="218" Width="3"/>
<MAPPEDCOMPONENT_42 Height="3" Key="PIN: /GPIO_B36" LocationX="614" LocationY="218" Width="3"/>
<MAPPEDCOMPONENT_43 Height="3" Key="PIN: /GPIO_B4" LocationX="613" LocationY="103" Width="3"/>
<MAPPEDCOMPONENT_44 Height="3" Key="PIN: /GPIO_B5" LocationX="607" LocationY="109" Width="3"/>
<MAPPEDCOMPONENT_45 Height="3" Key="PIN: /GPIO_B6" LocationX="613" LocationY="109" Width="3"/>
<MAPPEDCOMPONENT_46 Height="3" Key="PIN: /GPIO_B7" LocationX="607" LocationY="116" Width="3"/>
<MAPPEDCOMPONENT_47 Height="3" Key="PIN: /GPIO_B8" LocationX="613" LocationY="116" Width="3"/>
<MAPPEDCOMPONENT_48 Height="3" Key="PIN: /GPIO_B9" LocationX="607" LocationY="122" Width="3"/>
</LogisimGoesFPGABoardMapInformation>
